-- Billu Oracle seed demo
-- Pobla datos minimos para customer-summary y customer-categorization.

WHENEVER SQLERROR EXIT SQL.SQLCODE

DELETE FROM DLK_CUSTOMER_SEGMENT_SNAPSHOT;
DELETE FROM DLK_CAMPAIGN_CUSTOMER;
DELETE FROM DLK_MARKETING_DEMOGRAPHIC_PERFORMANCE;
DELETE FROM DLK_MARKETING_AD_PERFORMANCE;
DELETE FROM DLK_CREDIT_CARD_ACCOUNT;
DELETE FROM DLK_SAVINGS_GOAL;
DELETE FROM DLK_CARD_STATUS;
DELETE FROM DLK_TRANSACTION;
DELETE FROM DLK_MONTHLY_BALANCE;
DELETE FROM DLK_CUSTOMER_PRODUCT_SNAPSHOT;
DELETE FROM DLK_MERCHANT_HOMOLOGATION;
DELETE FROM DLK_CUSTOMER;

INSERT INTO DLK_CUSTOMER (
  REWARDS_ID, ACCOUNT_STATUS, OPENING_DATE, STATE_NAME, MUNICIPALITY_NAME,
  GENDER_CODE, BIRTH_DATE, AGE_YEARS, EMAIL_ADDRESS, CURRENT_AVG_BALANCE_AMOUNT,
  SOURCE_SYSTEM, SOURCE_SPREADSHEET_ID, SOURCE_SHEET_NAME, INGESTION_BATCH_ID
) VALUES (
  'ABC123', 'ACTIVE', DATE '2026-01-10', 'Nuevo Leon', 'Monterrey',
  'F', DATE '1991-04-18', 34, 'abc123@example.billu', 13700,
  'LOCAL_ORACLE', 'seed-demo', 'customer',
  'seed-20260423'
);

INSERT INTO DLK_CUSTOMER (
  REWARDS_ID, ACCOUNT_STATUS, OPENING_DATE, STATE_NAME, MUNICIPALITY_NAME,
  GENDER_CODE, BIRTH_DATE, AGE_YEARS, EMAIL_ADDRESS, CURRENT_AVG_BALANCE_AMOUNT,
  SOURCE_SYSTEM, SOURCE_SPREADSHEET_ID, SOURCE_SHEET_NAME, INGESTION_BATCH_ID
) VALUES (
  'XYZ789', 'ACTIVE', DATE '2026-02-05', 'Jalisco', 'Guadalajara',
  'M', DATE '1987-09-02', 38, 'xyz789@example.billu', 17600,
  'LOCAL_ORACLE', 'seed-demo', 'customer',
  'seed-20260423'
);

INSERT INTO DLK_CUSTOMER (
  REWARDS_ID, ACCOUNT_STATUS, OPENING_DATE, STATE_NAME, MUNICIPALITY_NAME,
  GENDER_CODE, BIRTH_DATE, AGE_YEARS, EMAIL_ADDRESS, CURRENT_AVG_BALANCE_AMOUNT,
  SOURCE_SYSTEM, SOURCE_SPREADSHEET_ID, SOURCE_SHEET_NAME, INGESTION_BATCH_ID
) VALUES (
  'LMN456', 'CANCELLED', DATE '2026-03-01', 'Ciudad de Mexico', 'Benito Juarez',
  'F', DATE '1994-12-11', 31, 'lmn456@example.billu', 1200,
  'LOCAL_ORACLE', 'seed-demo', 'customer',
  'seed-20260423'
);

INSERT INTO DLK_CUSTOMER (
  REWARDS_ID, ACCOUNT_STATUS, OPENING_DATE, STATE_NAME, MUNICIPALITY_NAME,
  GENDER_CODE, BIRTH_DATE, AGE_YEARS, EMAIL_ADDRESS, CURRENT_AVG_BALANCE_AMOUNT,
  SOURCE_SYSTEM, SOURCE_SPREADSHEET_ID, SOURCE_SHEET_NAME, INGESTION_BATCH_ID
) VALUES (
  'QRS222', 'ACTIVE', DATE '2026-03-20', 'Nuevo Leon', 'San Nicolas',
  'M', DATE '1998-06-27', 27, 'qrs222@example.billu', 3400,
  'LOCAL_ORACLE', 'seed-demo', 'customer',
  'seed-20260423'
);

INSERT INTO DLK_CUSTOMER_PRODUCT_SNAPSHOT (
  REWARDS_ID, SNAPSHOT_DATE, PRODUCT_CODE, PRODUCT_LABEL, PRODUCT_ACTIVE_FLAG,
  PRODUCT_BALANCE_AMOUNT, ACCOUNT_STATUS, SOURCE_SYSTEM, INGESTION_BATCH_ID
) VALUES (
  'ABC123', DATE '2026-03-31', 'SAVINGS', 'Cuenta Ahorro', 'Y',
  15000, 'ACTIVE', 'LOCAL_ORACLE', 'seed-20260423'
);

INSERT INTO DLK_CUSTOMER_PRODUCT_SNAPSHOT (
  REWARDS_ID, SNAPSHOT_DATE, PRODUCT_CODE, PRODUCT_LABEL, PRODUCT_ACTIVE_FLAG,
  PRODUCT_BALANCE_AMOUNT, ACCOUNT_STATUS, SOURCE_SYSTEM, INGESTION_BATCH_ID
) VALUES (
  'ABC123', DATE '2026-03-31', 'CREDIT_CARD', 'Tarjeta Azul', 'Y',
  3200, 'ACTIVE', 'LOCAL_ORACLE', 'seed-20260423'
);

INSERT INTO DLK_CUSTOMER_PRODUCT_SNAPSHOT (
  REWARDS_ID, SNAPSHOT_DATE, PRODUCT_CODE, PRODUCT_LABEL, PRODUCT_ACTIVE_FLAG,
  PRODUCT_BALANCE_AMOUNT, ACCOUNT_STATUS, SOURCE_SYSTEM, INGESTION_BATCH_ID
) VALUES (
  'XYZ789', DATE '2026-03-31', 'SAVINGS', 'Cuenta Ahorro', 'Y',
  9800, 'ACTIVE', 'LOCAL_ORACLE', 'seed-20260423'
);

INSERT INTO DLK_CUSTOMER_PRODUCT_SNAPSHOT (
  REWARDS_ID, SNAPSHOT_DATE, PRODUCT_CODE, PRODUCT_LABEL, PRODUCT_ACTIVE_FLAG,
  PRODUCT_BALANCE_AMOUNT, ACCOUNT_STATUS, SOURCE_SYSTEM, INGESTION_BATCH_ID
) VALUES (
  'XYZ789', DATE '2026-03-31', 'INVESTMENT', 'Inversion 90D', 'Y',
  25000, 'ACTIVE', 'LOCAL_ORACLE', 'seed-20260423'
);

INSERT INTO DLK_CUSTOMER_PRODUCT_SNAPSHOT (
  REWARDS_ID, SNAPSHOT_DATE, PRODUCT_CODE, PRODUCT_LABEL, PRODUCT_ACTIVE_FLAG,
  PRODUCT_BALANCE_AMOUNT, ACCOUNT_STATUS, SOURCE_SYSTEM, INGESTION_BATCH_ID
) VALUES (
  'LMN456', DATE '2026-03-31', 'BASIC', 'Cuenta Basica', 'N',
  1200, 'CANCELLED', 'LOCAL_ORACLE', 'seed-20260423'
);

INSERT INTO DLK_CUSTOMER_PRODUCT_SNAPSHOT (
  REWARDS_ID, SNAPSHOT_DATE, PRODUCT_CODE, PRODUCT_LABEL, PRODUCT_ACTIVE_FLAG,
  PRODUCT_BALANCE_AMOUNT, ACCOUNT_STATUS, SOURCE_SYSTEM, INGESTION_BATCH_ID
) VALUES (
  'QRS222', DATE '2026-03-31', 'SAVINGS', 'Cuenta Ahorro', 'Y',
  3400, 'ACTIVE', 'LOCAL_ORACLE', 'seed-20260423'
);

INSERT INTO DLK_MONTHLY_BALANCE (
  REWARDS_ID, BALANCE_MONTH, BALANCE_AMOUNT, MONTH_HEADER_LABEL,
  IS_IMPUTED_FLAG, SOURCE_SYSTEM, SOURCE_SPREADSHEET_ID, SOURCE_SHEET_NAME,
  INGESTION_BATCH_ID
) VALUES (
  'ABC123', DATE '2026-01-31', 12000, '2026-01', 'N',
  'LOCAL_ORACLE', 'seed-demo', 'monthly-balance', 'seed-20260423'
);

INSERT INTO DLK_MONTHLY_BALANCE VALUES (
  DEFAULT, 'ABC123', DATE '2026-02-28', 14100, '2026-02', 'N',
  'LOCAL_ORACLE', 'seed-demo', 'monthly-balance', 'seed-20260423',
  SYSTIMESTAMP
);

INSERT INTO DLK_MONTHLY_BALANCE VALUES (
  DEFAULT, 'ABC123', DATE '2026-03-31', 15000, '2026-03', 'N',
  'LOCAL_ORACLE', 'seed-demo', 'monthly-balance', 'seed-20260423',
  SYSTIMESTAMP
);

INSERT INTO DLK_MONTHLY_BALANCE VALUES (
  DEFAULT, 'XYZ789', DATE '2026-01-31', 0, '2026-01', 'N',
  'LOCAL_ORACLE', 'seed-demo', 'monthly-balance', 'seed-20260423',
  SYSTIMESTAMP
);

INSERT INTO DLK_MONTHLY_BALANCE VALUES (
  DEFAULT, 'XYZ789', DATE '2026-02-28', 18000, '2026-02', 'N',
  'LOCAL_ORACLE', 'seed-demo', 'monthly-balance', 'seed-20260423',
  SYSTIMESTAMP
);

INSERT INTO DLK_MONTHLY_BALANCE VALUES (
  DEFAULT, 'XYZ789', DATE '2026-03-31', 34800, '2026-03', 'N',
  'LOCAL_ORACLE', 'seed-demo', 'monthly-balance', 'seed-20260423',
  SYSTIMESTAMP
);

INSERT INTO DLK_MONTHLY_BALANCE VALUES (
  DEFAULT, 'LMN456', DATE '2026-03-31', 1200, '2026-03', 'N',
  'LOCAL_ORACLE', 'seed-demo', 'monthly-balance', 'seed-20260423',
  SYSTIMESTAMP
);

INSERT INTO DLK_MONTHLY_BALANCE VALUES (
  DEFAULT, 'QRS222', DATE '2026-03-31', 3400, '2026-03', 'N',
  'LOCAL_ORACLE', 'seed-demo', 'monthly-balance', 'seed-20260423',
  SYSTIMESTAMP
);

INSERT INTO DLK_SAVINGS_GOAL (
  REWARDS_ID, SNAPSHOT_DATE, CURRENT_BALANCE_AMOUNT, INVESTMENT_OPENING_DATE,
  SOURCE_SYSTEM, SOURCE_SPREADSHEET_ID, SOURCE_SHEET_NAME, INGESTION_BATCH_ID
) VALUES (
  'XYZ789', DATE '2026-03-31', 25000, DATE '2026-02-15',
  'LOCAL_ORACLE', 'seed-demo', 'metas-ahorro', 'seed-20260423'
);

INSERT INTO DLK_SAVINGS_GOAL (
  REWARDS_ID, SNAPSHOT_DATE, CURRENT_BALANCE_AMOUNT, INVESTMENT_OPENING_DATE,
  SOURCE_SYSTEM, SOURCE_SPREADSHEET_ID, SOURCE_SHEET_NAME, INGESTION_BATCH_ID
) VALUES (
  'ABC123', DATE '2026-03-31', 5000, DATE '2026-01-20',
  'LOCAL_ORACLE', 'seed-demo', 'metas-ahorro', 'seed-20260423'
);

INSERT INTO DLK_TRANSACTION (
  REWARDS_ID, TRANSACTION_DATE, ABONO_AMOUNT, CARGO_AMOUNT, TRANSACTION_TIME_TEXT,
  DESCRIPTION_TEXT, DESCRIPTION_CODE_TEXT, OPERATOR_TEXT, CARD_BIN, ACCESS_MEDIUM_DESC,
  ECOMMERCE_FLAG, PHYSICAL_STORE_FLAG, MERCHANT_CATEGORY_CODE, MERCHANT_CATEGORY_DESC,
  SOURCE_MONTH, SOURCE_FILE_LABEL, SOURCE_SPREADSHEET_ID, SOURCE_SHEET_ID,
  INGESTION_BATCH_ID
) VALUES (
  'ABC123', DATE '2026-01-12', 2500, 0, '08:30:00', 'Nomina enero',
  'PAYROLL', 'BILLU', NULL, 'SPEI', 'N', 'N', 'PAYROLL', 'Abono nomina',
  '2026-01', 'seed-demo', 'seed-demo', 1, 'seed-20260423'
);

INSERT INTO DLK_TRANSACTION (
  REWARDS_ID, TRANSACTION_DATE, ABONO_AMOUNT, CARGO_AMOUNT, TRANSACTION_TIME_TEXT,
  DESCRIPTION_TEXT, DESCRIPTION_CODE_TEXT, OPERATOR_TEXT, CARD_BIN, ACCESS_MEDIUM_DESC,
  ECOMMERCE_FLAG, PHYSICAL_STORE_FLAG, MERCHANT_CATEGORY_CODE, MERCHANT_CATEGORY_DESC,
  SOURCE_MONTH, SOURCE_FILE_LABEL, SOURCE_SPREADSHEET_ID, SOURCE_SHEET_ID,
  INGESTION_BATCH_ID
) VALUES (
  'ABC123', DATE '2026-01-15', 0, 280, '13:05:00', 'Supermercado',
  'POS', 'HEB', '421316', 'POS', 'N', 'Y', 'GROCERY', 'Supermercado',
  '2026-01', 'seed-demo', 'seed-demo', 1, 'seed-20260423'
);

INSERT INTO DLK_TRANSACTION (
  REWARDS_ID, TRANSACTION_DATE, ABONO_AMOUNT, CARGO_AMOUNT, TRANSACTION_TIME_TEXT,
  DESCRIPTION_TEXT, DESCRIPTION_CODE_TEXT, OPERATOR_TEXT, CARD_BIN, ACCESS_MEDIUM_DESC,
  ECOMMERCE_FLAG, PHYSICAL_STORE_FLAG, MERCHANT_CATEGORY_CODE, MERCHANT_CATEGORY_DESC,
  SOURCE_MONTH, SOURCE_FILE_LABEL, SOURCE_SPREADSHEET_ID, SOURCE_SHEET_ID,
  INGESTION_BATCH_ID
) VALUES (
  'ABC123', DATE '2026-01-22', 0, 420, '18:22:00', 'Gasolina',
  'POS', 'OXXO GAS', '421316', 'POS', 'N', 'Y', 'FUEL', 'Gasolinera',
  '2026-01', 'seed-demo', 'seed-demo', 1, 'seed-20260423'
);

INSERT INTO DLK_TRANSACTION (
  REWARDS_ID, TRANSACTION_DATE, ABONO_AMOUNT, CARGO_AMOUNT, TRANSACTION_TIME_TEXT,
  DESCRIPTION_TEXT, DESCRIPTION_CODE_TEXT, OPERATOR_TEXT, CARD_BIN, ACCESS_MEDIUM_DESC,
  ECOMMERCE_FLAG, PHYSICAL_STORE_FLAG, MERCHANT_CATEGORY_CODE, MERCHANT_CATEGORY_DESC,
  SOURCE_MONTH, SOURCE_FILE_LABEL, SOURCE_SPREADSHEET_ID, SOURCE_SHEET_ID,
  INGESTION_BATCH_ID
) VALUES (
  'ABC123', DATE '2026-02-02', 0, 760, '21:44:00', 'Marketplace',
  'ECOM', 'AMAZON', '421316', 'ECOMMERCE', 'Y', 'N', 'ECOM', 'Compra ecommerce',
  '2026-02', 'seed-demo', 'seed-demo', 2, 'seed-20260423'
);

INSERT INTO DLK_TRANSACTION (
  REWARDS_ID, TRANSACTION_DATE, ABONO_AMOUNT, CARGO_AMOUNT, TRANSACTION_TIME_TEXT,
  DESCRIPTION_TEXT, DESCRIPTION_CODE_TEXT, OPERATOR_TEXT, CARD_BIN, ACCESS_MEDIUM_DESC,
  ECOMMERCE_FLAG, PHYSICAL_STORE_FLAG, MERCHANT_CATEGORY_CODE, MERCHANT_CATEGORY_DESC,
  SOURCE_MONTH, SOURCE_FILE_LABEL, SOURCE_SPREADSHEET_ID, SOURCE_SHEET_ID,
  INGESTION_BATCH_ID
) VALUES (
  'XYZ789', DATE '2026-02-20', 0, 550, '20:10:00', 'Restaurante',
  'POS', 'SONORA GRILL', '421316', 'POS', 'N', 'Y', 'DINING', 'Restaurante',
  '2026-02', 'seed-demo', 'seed-demo', 2, 'seed-20260423'
);

INSERT INTO DLK_TRANSACTION (
  REWARDS_ID, TRANSACTION_DATE, ABONO_AMOUNT, CARGO_AMOUNT, TRANSACTION_TIME_TEXT,
  DESCRIPTION_TEXT, DESCRIPTION_CODE_TEXT, OPERATOR_TEXT, CARD_BIN, ACCESS_MEDIUM_DESC,
  ECOMMERCE_FLAG, PHYSICAL_STORE_FLAG, MERCHANT_CATEGORY_CODE, MERCHANT_CATEGORY_DESC,
  SOURCE_MONTH, SOURCE_FILE_LABEL, SOURCE_SPREADSHEET_ID, SOURCE_SHEET_ID,
  INGESTION_BATCH_ID
) VALUES (
  'XYZ789', DATE '2026-03-05', 6000, 0, '09:00:00', 'Transferencia recibida',
  'TRANSFER', 'BILLU', NULL, 'SPEI', 'N', 'N', 'TRANSFER', 'Abono SPEI',
  '2026-03', 'seed-demo', 'seed-demo', 3, 'seed-20260423'
);

INSERT INTO DLK_TRANSACTION (
  REWARDS_ID, TRANSACTION_DATE, ABONO_AMOUNT, CARGO_AMOUNT, TRANSACTION_TIME_TEXT,
  DESCRIPTION_TEXT, DESCRIPTION_CODE_TEXT, OPERATOR_TEXT, CARD_BIN, ACCESS_MEDIUM_DESC,
  ECOMMERCE_FLAG, PHYSICAL_STORE_FLAG, MERCHANT_CATEGORY_CODE, MERCHANT_CATEGORY_DESC,
  SOURCE_MONTH, SOURCE_FILE_LABEL, SOURCE_SPREADSHEET_ID, SOURCE_SHEET_ID,
  INGESTION_BATCH_ID
) VALUES (
  'QRS222', DATE '2026-03-21', 1800, 0, '10:30:00', 'Primer deposito',
  'TRANSFER', 'BILLU', NULL, 'SPEI', 'N', 'N', 'TRANSFER', 'Abono inicial',
  '2026-03', 'seed-demo', 'seed-demo', 3, 'seed-20260423'
);

INSERT INTO DLK_TRANSACTION (
  REWARDS_ID, TRANSACTION_DATE, ABONO_AMOUNT, CARGO_AMOUNT, TRANSACTION_TIME_TEXT,
  DESCRIPTION_TEXT, DESCRIPTION_CODE_TEXT, OPERATOR_TEXT, CARD_BIN, ACCESS_MEDIUM_DESC,
  ECOMMERCE_FLAG, PHYSICAL_STORE_FLAG, MERCHANT_CATEGORY_CODE, MERCHANT_CATEGORY_DESC,
  SOURCE_MONTH, SOURCE_FILE_LABEL, SOURCE_SPREADSHEET_ID, SOURCE_SHEET_ID,
  INGESTION_BATCH_ID
) VALUES (
  'QRS222', DATE '2026-03-24', 0, 220, '17:18:00', 'Conveniencia',
  'POS', 'OXXO', '421316', 'POS', 'N', 'Y', 'CONVENIENCE', 'Tienda conveniencia',
  '2026-03', 'seed-demo', 'seed-demo', 3, 'seed-20260423'
);

INSERT INTO DLK_TRANSACTION (
  REWARDS_ID, TRANSACTION_DATE, ABONO_AMOUNT, CARGO_AMOUNT, TRANSACTION_TIME_TEXT,
  DESCRIPTION_TEXT, DESCRIPTION_CODE_TEXT, OPERATOR_TEXT, CARD_BIN, ACCESS_MEDIUM_DESC,
  ECOMMERCE_FLAG, PHYSICAL_STORE_FLAG, MERCHANT_CATEGORY_CODE, MERCHANT_CATEGORY_DESC,
  SOURCE_MONTH, SOURCE_FILE_LABEL, SOURCE_SPREADSHEET_ID, SOURCE_SHEET_ID,
  INGESTION_BATCH_ID
) VALUES (
  'QRS222', DATE '2026-04-02', 0, 180, '07:45:00', 'Streaming',
  'ECOM', 'SPOTIFY', '421316', 'ECOMMERCE', 'Y', 'N', 'DIGITAL', 'Suscripcion digital',
  '2026-04', 'seed-demo', 'seed-demo', 4, 'seed-20260423'
);

INSERT INTO DLK_CARD_STATUS (
  REWARDS_ID, CUT_DATE, HAS_PHYSICAL_CARD_FLAG, HAS_DIGITAL_CARD_FLAG,
  HAS_RECENT_PHYSICAL_USAGE_FLAG, HAS_RECENT_DIGITAL_USAGE_FLAG, CARD_STATUS,
  CARD_DESIGN_LABEL, CARD_REQUEST_DATE, CARD_EXPIRATION_DATE, FIRST_CHARGE_DATE,
  DAYS_TO_FIRST_CHARGE, MONTHS_TO_FIRST_CHARGE, SOURCE_SYSTEM, SOURCE_SPREADSHEET_ID,
  SOURCE_SHEET_NAME, INGESTION_BATCH_ID
) VALUES (
  'ABC123', DATE '2026-03-31', 'Y', 'N', 'Y', 'N', 'ACTIVE',
  'Clasica', DATE '2026-01-15', DATE '2031-01-31', DATE '2026-01-20',
  5, 0, 'LOCAL_ORACLE', 'seed-demo', 'card-status', 'seed-20260423'
);

INSERT INTO DLK_CARD_STATUS (
  REWARDS_ID, CUT_DATE, HAS_PHYSICAL_CARD_FLAG, HAS_DIGITAL_CARD_FLAG,
  HAS_RECENT_PHYSICAL_USAGE_FLAG, HAS_RECENT_DIGITAL_USAGE_FLAG, CARD_STATUS,
  CARD_DESIGN_LABEL, CARD_REQUEST_DATE, CARD_EXPIRATION_DATE, FIRST_CHARGE_DATE,
  DAYS_TO_FIRST_CHARGE, MONTHS_TO_FIRST_CHARGE, SOURCE_SYSTEM, SOURCE_SPREADSHEET_ID,
  SOURCE_SHEET_NAME, INGESTION_BATCH_ID
) VALUES (
  'XYZ789', DATE '2026-03-31', 'Y', 'N', 'N', 'N', 'DORMANT',
  'Premium', DATE '2026-02-10', DATE '2031-02-28', NULL,
  NULL, NULL, 'LOCAL_ORACLE', 'seed-demo', 'card-status', 'seed-20260423'
);

INSERT INTO DLK_CARD_STATUS (
  REWARDS_ID, CUT_DATE, HAS_PHYSICAL_CARD_FLAG, HAS_DIGITAL_CARD_FLAG,
  HAS_RECENT_PHYSICAL_USAGE_FLAG, HAS_RECENT_DIGITAL_USAGE_FLAG, CARD_STATUS,
  CARD_DESIGN_LABEL, CARD_REQUEST_DATE, CARD_EXPIRATION_DATE, FIRST_CHARGE_DATE,
  DAYS_TO_FIRST_CHARGE, MONTHS_TO_FIRST_CHARGE, SOURCE_SYSTEM, SOURCE_SPREADSHEET_ID,
  SOURCE_SHEET_NAME, INGESTION_BATCH_ID
) VALUES (
  'LMN456', DATE '2026-03-31', 'N', 'N', 'N', 'N', 'NO_CARD',
  NULL, NULL, NULL, NULL, NULL, NULL,
  'LOCAL_ORACLE', 'seed-demo', 'card-status', 'seed-20260423'
);

INSERT INTO DLK_CARD_STATUS (
  REWARDS_ID, CUT_DATE, HAS_PHYSICAL_CARD_FLAG, HAS_DIGITAL_CARD_FLAG,
  HAS_RECENT_PHYSICAL_USAGE_FLAG, HAS_RECENT_DIGITAL_USAGE_FLAG, CARD_STATUS,
  CARD_DESIGN_LABEL, CARD_REQUEST_DATE, CARD_EXPIRATION_DATE, FIRST_CHARGE_DATE,
  DAYS_TO_FIRST_CHARGE, MONTHS_TO_FIRST_CHARGE, SOURCE_SYSTEM, SOURCE_SPREADSHEET_ID,
  SOURCE_SHEET_NAME, INGESTION_BATCH_ID
) VALUES (
  'QRS222', DATE '2026-03-31', 'N', 'Y', 'N', 'Y', 'ACTIVE',
  'Digital', DATE '2026-03-21', DATE '2031-03-31', DATE '2026-03-24',
  3, 0, 'LOCAL_ORACLE', 'seed-demo', 'card-status', 'seed-20260423'
);

INSERT INTO DLK_CREDIT_CARD_ACCOUNT (
  REWARDS_ID, SNAPSHOT_DATE, BILLU_ACCOUNT_STATUS, TDC_FLAG, TDC_PRODUCT_LABEL,
  TDC_STATUS, SOURCE_SYSTEM, SOURCE_SPREADSHEET_ID, SOURCE_SHEET_NAME,
  INGESTION_BATCH_ID
) VALUES (
  'ABC123', DATE '2026-03-31', 'ACTIVE', 'SI', 'Tarjeta Azul',
  'ACTIVE', 'LOCAL_ORACLE', 'seed-demo', 'tdc', 'seed-20260423'
);

INSERT INTO DLK_CREDIT_CARD_ACCOUNT (
  REWARDS_ID, SNAPSHOT_DATE, BILLU_ACCOUNT_STATUS, TDC_FLAG, TDC_PRODUCT_LABEL,
  TDC_STATUS, SOURCE_SYSTEM, SOURCE_SPREADSHEET_ID, SOURCE_SHEET_NAME,
  INGESTION_BATCH_ID
) VALUES (
  'XYZ789', DATE '2026-03-31', 'ACTIVE', 'SI', 'Tarjeta Black',
  'DORMANT', 'LOCAL_ORACLE', 'seed-demo', 'tdc', 'seed-20260423'
);

INSERT INTO DLK_CREDIT_CARD_ACCOUNT (
  REWARDS_ID, SNAPSHOT_DATE, BILLU_ACCOUNT_STATUS, TDC_FLAG, TDC_PRODUCT_LABEL,
  TDC_STATUS, SOURCE_SYSTEM, SOURCE_SPREADSHEET_ID, SOURCE_SHEET_NAME,
  INGESTION_BATCH_ID
) VALUES (
  'QRS222', DATE '2026-03-31', 'ACTIVE', 'NO', NULL,
  'NO_CARD', 'LOCAL_ORACLE', 'seed-demo', 'tdc', 'seed-20260423'
);

INSERT INTO DLK_MERCHANT_HOMOLOGATION (
  RAW_DESCRIPTION_TEXT, RAW_OPERATOR_TEXT, MERCHANT_CATEGORY_CODE,
  MERCHANT_CATEGORY_LABEL, MERCHANT_GROUP_LABEL, ACTIVE_FLAG, SOURCE_SYSTEM,
  SOURCE_SPREADSHEET_ID, SOURCE_SHEET_NAME, INGESTION_BATCH_ID
) VALUES (
  'SUPERMERCADO', 'HEB', 'GROCERY', 'Supermercado', 'GASTO HOGAR',
  'Y', 'LOCAL_ORACLE', 'seed-demo', 'merchant-homo', 'seed-20260423'
);

INSERT INTO DLK_MERCHANT_HOMOLOGATION VALUES (
  DEFAULT, 'RESTAURANTE', 'SONORA GRILL', 'DINING', 'Restaurante',
  'SALIDAS', 'Y', 'LOCAL_ORACLE', 'seed-demo', 'merchant-homo',
  'seed-20260423', SYSTIMESTAMP
);

INSERT INTO DLK_CAMPAIGN_CUSTOMER (
  CAMPAIGN_CODE, REWARDS_ID, SOURCE_SYSTEM, SOURCE_SPREADSHEET_ID,
  SOURCE_SHEET_NAME, INGESTION_BATCH_ID
) VALUES (
  'BILLUWEEKEND', 'ABC123', 'LOCAL_ORACLE', 'seed-demo', 'billuweekend',
  'seed-20260423'
);

INSERT INTO DLK_CAMPAIGN_CUSTOMER (
  CAMPAIGN_CODE, REWARDS_ID, SOURCE_SYSTEM, SOURCE_SPREADSHEET_ID,
  SOURCE_SHEET_NAME, INGESTION_BATCH_ID
) VALUES (
  'BILLUWEEKEND', 'XYZ789', 'LOCAL_ORACLE', 'seed-demo', 'billuweekend',
  'seed-20260423'
);

INSERT INTO DLK_MARKETING_AD_PERFORMANCE (
  SOURCE_ENTITY_NAME, PLATFORM_CODE, REPORT_START_TEXT, CAMPAIGN_NAME,
  AD_SET_NAME, AD_NAME, RESULTS_COUNT, RESULT_INDICATOR,
  COST_PER_RESULT_AMOUNT, SPEND_AMOUNT_MXN, IMPRESSIONS_COUNT, REACH_COUNT,
  AD_SET_DISPLAY_NAME, ALL_CLICKS_COUNT, ALL_CTR_RATE, LINK_CLICKS_COUNT,
  APP_ACTIVATIONS_TEXT, APP_INSTALLS_TEXT, CREATED_ACCOUNT_TEXT,
  COST_PER_INSTALL_AMOUNT, COST_PER_CLICK_AMOUNT, COST_PER_CREATED_ACCOUNT_AMOUNT,
  COST_PER_IMPRESSION_AMOUNT, SOURCE_SYSTEM, SOURCE_SPREADSHEET_ID,
  SOURCE_SHEET_NAME, INGESTION_BATCH_ID
) VALUES (
  'meta_cuentas_descargadas', 'META', '2026-03-01', 'Cuentas descargadas',
  'Prospectos activos', 'Anuncio base', 24048, 'Cuentas creadas',
  12.40, 298195.20, 910000, 340000, 'Prospectos activos',
  48200, 0.052967, 16800, '820', '1450', '24048',
  205.65, 6.19, 12.40, 0.3277, 'META', 'seed-demo', 'CUENTAS-DESCARGADAS',
  'seed-20260423'
);

INSERT INTO DLK_MARKETING_AD_PERFORMANCE (
  SOURCE_ENTITY_NAME, PLATFORM_CODE, REPORT_START_TEXT, CAMPAIGN_NAME,
  AD_SET_NAME, AD_NAME, RESULTS_COUNT, RESULT_INDICATOR,
  COST_PER_RESULT_AMOUNT, SPEND_AMOUNT_MXN, IMPRESSIONS_COUNT, REACH_COUNT,
  AD_SET_DISPLAY_NAME, ALL_CLICKS_COUNT, ALL_CTR_RATE, LINK_CLICKS_COUNT,
  APP_ACTIVATIONS_TEXT, APP_INSTALLS_TEXT, CREATED_ACCOUNT_TEXT,
  COST_PER_INSTALL_AMOUNT, COST_PER_CLICK_AMOUNT, COST_PER_CREATED_ACCOUNT_AMOUNT,
  COST_PER_IMPRESSION_AMOUNT, SOURCE_SYSTEM, SOURCE_SPREADSHEET_ID,
  SOURCE_SHEET_NAME, INGESTION_BATCH_ID
) VALUES (
  'meta_android', 'ANDROID', '2026-03-01', 'Android adquisicion',
  'Android lookalike', 'Android video', 12800, 'Instalaciones',
  9.50, 121600, 480000, 190000, 'Android lookalike',
  27000, 0.056250, 9300, '520', '12800', '10300',
  9.50, 4.50, 11.80, 0.2533, 'META', 'seed-demo', 'ANDROID',
  'seed-20260423'
);

INSERT INTO DLK_MARKETING_AD_PERFORMANCE (
  SOURCE_ENTITY_NAME, PLATFORM_CODE, REPORT_START_TEXT, CAMPAIGN_NAME,
  AD_SET_NAME, AD_NAME, RESULTS_COUNT, RESULT_INDICATOR,
  COST_PER_RESULT_AMOUNT, SPEND_AMOUNT_MXN, IMPRESSIONS_COUNT, REACH_COUNT,
  AD_SET_DISPLAY_NAME, ALL_CLICKS_COUNT, ALL_CTR_RATE, LINK_CLICKS_COUNT,
  APP_ACTIVATIONS_TEXT, APP_INSTALLS_TEXT, CREATED_ACCOUNT_TEXT,
  COST_PER_INSTALL_AMOUNT, COST_PER_CLICK_AMOUNT, COST_PER_CREATED_ACCOUNT_AMOUNT,
  COST_PER_IMPRESSION_AMOUNT, SOURCE_SYSTEM, SOURCE_SPREADSHEET_ID,
  SOURCE_SHEET_NAME, INGESTION_BATCH_ID
) VALUES (
  'meta_ios', 'IOS', '2026-03-01', 'iOS adquisicion',
  'iOS alto valor', 'iOS static', 7200, 'Instalaciones',
  14.80, 106560, 300000, 125000, 'iOS alto valor',
  14200, 0.047333, 5100, '300', '7200', '5600',
  14.80, 7.50, 19.03, 0.3552, 'META', 'seed-demo', 'IOS',
  'seed-20260423'
);

INSERT INTO DLK_MARKETING_DEMOGRAPHIC_PERFORMANCE (
  SOURCE_ENTITY_NAME, REPORT_START_TEXT, AGE_RANGE_TEXT, SEX_TEXT, REACH_COUNT,
  IMPRESSIONS_COUNT, FREQUENCY_RATE, RESULT_TYPE_TEXT, RESULTS_COUNT,
  COST_PER_RESULT_AMOUNT, SPEND_AMOUNT_MXN, CPM_AMOUNT, LINK_CLICKS_COUNT,
  LINK_CPC_AMOUNT, LINK_CTR_RATE, ALL_CLICKS_COUNT, APP_INSTALLS_TEXT,
  SOURCE_SYSTEM, SOURCE_SPREADSHEET_ID, SOURCE_SHEET_NAME, INGESTION_BATCH_ID
) VALUES (
  'meta_demografia', '2026-03-01', '25-34', 'female', 150000,
  390000, 2.6, 'Cuentas creadas', 9800, 11.70, 114660, 294.00,
  7200, 15.93, 0.018462, 18000, '6400', 'META', 'seed-demo',
  'EDAD Y SEXO', 'seed-20260423'
);

INSERT INTO DLK_MARKETING_DEMOGRAPHIC_PERFORMANCE (
  SOURCE_ENTITY_NAME, REPORT_START_TEXT, AGE_RANGE_TEXT, SEX_TEXT, REACH_COUNT,
  IMPRESSIONS_COUNT, FREQUENCY_RATE, RESULT_TYPE_TEXT, RESULTS_COUNT,
  COST_PER_RESULT_AMOUNT, SPEND_AMOUNT_MXN, CPM_AMOUNT, LINK_CLICKS_COUNT,
  LINK_CPC_AMOUNT, LINK_CTR_RATE, ALL_CLICKS_COUNT, APP_INSTALLS_TEXT,
  SOURCE_SYSTEM, SOURCE_SPREADSHEET_ID, SOURCE_SHEET_NAME, INGESTION_BATCH_ID
) VALUES (
  'meta_demografia', '2026-03-01', '35-44', 'male', 120000,
  310000, 2.583333, 'Cuentas creadas', 7200, 13.20, 95040, 306.58,
  5100, 18.64, 0.016452, 12600, '4100', 'META', 'seed-demo',
  'EDAD Y SEXO', 'seed-20260423'
);

INSERT INTO DLK_CUSTOMER_SEGMENT_SNAPSHOT (
  REWARDS_ID, SNAPSHOT_DATE, CURRENT_BALANCE_AMOUNT, BALANCE_AVG_3M,
  TOTAL_TRANSACTIONS, ABONOS_COUNT_30D, CARGOS_COUNT_30D, TENURE_DAYS,
  SEGMENT_ID, SEGMENT_LABEL, SEGMENT_RULE_TEXT, RECOMMENDED_CARD,
  RECOMMENDED_CARD_BENEFITS, TRANSACTION_PROFILE, MISSING_PRODUCTS_TEXT,
  SUGGESTED_CAMPAIGN, INGESTION_BATCH_ID
) VALUES (
  'ABC123', DATE '2026-03-31', 18200, 13700, 4, 1, 3, 80,
  'Exploradores', 'Exploradores', 'Saldo medio y actividad estable',
  'Tarjeta Azul', 'Cashback base y MSI', 'DIGITAL_MIX',
  'Inversion, Tarjeta de credito', 'Cross-sell inversion inicial',
  'seed-20260423'
);

INSERT INTO DLK_CUSTOMER_SEGMENT_SNAPSHOT VALUES (
  DEFAULT, 'XYZ789', DATE '2026-03-31', 34800, 17600, 2, 1, 1, 54,
  'Aliados_Premium', 'Aliados Premium', 'Saldo alto y portafolio robusto',
  'Tarjeta Black', 'Acceso lounge y puntos premium', 'WEALTH_BUILDER',
  '', 'Campana wealth premium', 'seed-20260423', SYSTIMESTAMP
);

INSERT INTO DLK_CUSTOMER_SEGMENT_SNAPSHOT VALUES (
  DEFAULT, 'LMN456', DATE '2026-03-31', 1200, 1200, 0, 0, 0, 30,
  'Constructores', 'Constructores', 'Cliente de bajo saldo en reactivacion',
  'Tarjeta Base', 'Linea inicial y control de gasto', 'LOW_ACTIVITY',
  'Tarjeta de credito', 'Reactivacion con tarjeta inicial',
  'seed-20260423', SYSTIMESTAMP
);

INSERT INTO DLK_CUSTOMER_SEGMENT_SNAPSHOT VALUES (
  DEFAULT, 'QRS222', DATE '2026-03-31', 3400, 3400, 3, 1, 2, 11,
  'Exploradores', 'Exploradores', 'Cliente nuevo con uso digital acelerado',
  'Tarjeta Digital', 'Control desde app y recompensas digitales',
  'DIGITAL_FIRST', 'Nomina', 'Campana de dispersion de nomina',
  'seed-20260423', SYSTIMESTAMP
);

COMMIT;
